{"cameraMode":{"drawMode":0,"name":"Shaded","section":"Shading Mode"},"sceneLighting":true,"audioPlay":false,"sceneViewState":{"showFog":true,"showMaterialUpdate":false,"showSkybox":true,"showFlares":true,"showImageEffects":true,"showParticleSystems":true},"in2DMode":false,"pivot":{"x":56.65384292602539,"y":13.200000762939454,"z":-23.66917610168457},"rotation":{"x":0.1974867582321167,"y":-0.724430501461029,"z":0.23125633597373963,"w":0.6186437606811523},"size":11.41464900970459,"orthographic":false}