{"cameraMode":{"drawMode":0,"name":"Shaded","section":"Shading Mode"},"sceneLighting":false,"audioPlay":false,"sceneViewState":{"showFog":true,"showMaterialUpdate":false,"showSkybox":false,"showFlares":true,"showImageEffects":true,"showParticleSystems":true},"in2DMode":false,"pivot":{"x":-0.009999997913837433,"y":1.440000057220459,"z":1.8600000143051148},"rotation":{"x":-0.01794162020087242,"y":0.07999831438064575,"z":-0.0014400207437574864,"w":-0.9966374635696411},"size":0.19696539640426637,"orthographic":true}